[
    {
        "name": "Kumar Sanu",
        "age": "25",
        "city": "Goa"
    },
    {
        "name": "Ram Kumar",
        "age": "56",
        "city": "Agra"
    },
    {
        "name": "gagan",
        "age": "12",
        "city": "delhi"
    },
    {
        "name": "desf",
        "age": "12",
        "city": "1112"
    },
    {
        "name": "fffd",
        "age": "2123",
        "city": "sdedsd"
    },
    {
        "name": "dd",
        "age": "12",
        "city": "sss"
    },
    {
        "name": "dushyant",
        "age": "19",
        "city": "ghaziabad"
    }
]